      0.00,      0.00,      0.00
      0.02,      2.04,      2.04
      0.04,      4.08,      4.08
      0.06,      6.12,      6.12
      0.08,      8.16,      8.16
      0.10,     10.20,     10.20
      0.12,     12.24,     12.24
      0.14,     14.29,     14.29
      0.16,     16.33,     16.33
      0.18,     18.37,     18.37
      0.20,     20.41,     20.41
      0.22,     22.45,     22.45
      0.24,     24.49,     24.49
      0.27,     26.53,     26.53
      0.29,     28.57,     28.57
      0.31,     30.61,     30.61
      0.33,     32.65,     32.65
      0.35,     34.69,     34.69
      0.37,     36.73,     36.73
      0.39,     38.78,     38.78
      0.41,     40.82,     40.82
      0.43,     42.86,     42.86
      0.45,     44.90,     44.90
      0.47,     46.94,     46.94
      0.49,     48.98,     48.98
      0.51,     51.02,     51.02
      0.53,     53.06,     53.06
      0.55,     55.10,     55.10
      0.57,     57.14,     57.14
      0.59,     59.18,     59.18
      0.61,     61.22,     61.22
      0.63,     63.27,     63.27
      0.65,     65.31,     65.31
      0.67,     67.35,     67.35
      0.69,     69.39,     69.39
      0.71,     71.43,     71.43
      0.73,     73.47,     73.47
      0.76,     75.51,     75.51
      0.78,     77.55,     77.55
      0.80,     79.59,     79.59
      0.82,     81.63,     81.63
      0.84,     83.67,     83.67
      0.86,     85.71,     85.71
      0.88,     87.76,     87.76
      0.90,     89.80,     89.80
      0.92,     91.84,     91.84
      0.94,     93.88,     93.88
      0.96,     95.92,     95.92
      0.98,     97.96,     97.96
      1.00,    100.00,    100.00
      1.00,    100.00,    100.00
      1.02,    100.00,    100.00
      1.04,    100.00,    100.00
      1.06,    100.00,    100.00
      1.08,    100.00,    100.00
      1.10,    100.00,    100.00
      1.12,    100.00,    100.00
      1.14,     99.99,     99.99
      1.16,     99.99,     99.99
      1.18,     99.99,     99.99
      1.20,     99.98,     99.98
      1.22,     99.98,     99.98
      1.24,     99.97,     99.97
      1.26,     99.97,     99.97
      1.28,     99.96,     99.96
      1.30,     99.95,     99.95
      1.32,     99.94,     99.94
      1.34,     99.93,     99.93
      1.36,     99.92,     99.92
      1.38,     99.90,     99.90
      1.40,     99.89,     99.89
      1.42,     99.87,     99.87
      1.44,     99.85,     99.85
      1.46,     99.83,     99.83
      1.48,     99.80,     99.80
      1.50,     99.78,     99.78
      1.52,     99.75,     99.75
      1.54,     99.72,     99.72
      1.56,     99.69,     99.69
      1.58,     99.65,     99.65
      1.60,     99.61,     99.61
      1.62,     99.57,     99.57
      1.64,     99.52,     99.52
      1.66,     99.47,     99.47
      1.68,     99.42,     99.42
      1.70,     99.37,     99.37
      1.72,     99.31,     99.31
      1.74,     99.24,     99.24
      1.76,     99.17,     99.17
      1.78,     99.10,     99.10
      1.80,     99.02,     99.02
      1.82,     98.94,     98.94
      1.84,     98.85,     98.85
      1.86,     98.76,     98.76
      1.88,     98.66,     98.66
      1.90,     98.56,     98.56
      1.92,     98.45,     98.45
      1.94,     98.33,     98.33
      1.96,     98.21,     98.21
      1.98,     98.08,     98.08
      2.00,     97.95,     97.95
      2.02,     97.81,     97.81
      2.04,     97.66,     97.66
      2.06,     97.50,     97.50
      2.08,     97.34,     97.34
      2.10,     97.17,     97.17
      2.12,     96.99,     96.99
      2.14,     96.80,     96.80
      2.16,     96.60,     96.60
      2.18,     96.40,     96.40
      2.20,     96.18,     96.18
      2.22,     95.96,     95.96
      2.24,     95.73,     95.73
      2.26,     95.49,     95.49
      2.28,     95.23,     95.23
      2.30,     94.97,     94.97
      2.32,     94.70,     94.70
      2.34,     94.41,     94.41
      2.36,     94.12,     94.12
      2.38,     93.81,     93.81
      2.40,     93.50,     93.50
      2.42,     93.17,     93.17
      2.44,     92.83,     92.83
      2.46,     92.47,     92.47
      2.48,     92.11,     92.11
      2.50,     91.73,     91.73
      2.52,     91.34,     91.34
      2.54,     90.94,     90.94
      2.56,     90.52,     90.52
      2.58,     90.09,     90.09
      2.60,     89.64,     89.64
      2.62,     89.18,     89.18
      2.64,     88.70,     88.70
      2.66,     88.21,     88.21
      2.68,     87.71,     87.71
      2.70,     87.19,     87.19
      2.72,     86.65,     86.65
      2.74,     86.10,     86.10
      2.76,     85.53,     85.53
      2.78,     84.95,     84.95
      2.80,     84.35,     84.35
      2.82,     83.73,     83.73
      2.84,     83.09,     83.09
      2.86,     82.44,     82.44
      2.88,     81.77,     81.77
      2.90,     81.09,     81.09
      2.92,     80.38,     80.38
      2.94,     79.66,     79.66
      2.96,     78.91,     78.91
      2.98,     78.15,     78.15
      3.00,     77.37,     77.37
      3.02,     76.57,     76.57
      3.04,     75.75,     75.75
      3.06,     74.92,     74.92
      3.08,     74.06,     74.06
      3.10,     73.18,     73.18
      3.12,     72.28,     72.28
      3.14,     71.36,     71.36
      3.16,     70.43,     70.43
      3.18,     69.47,     69.47
      3.20,     68.49,     68.49
      3.22,     67.49,     67.49
      3.24,     66.47,     66.47
      3.26,     65.42,     65.42
      3.28,     64.36,     64.36
      3.30,     63.28,     63.28
      3.32,     62.17,     62.17
      3.34,     61.04,     61.04
      3.36,     59.89,     59.89
      3.38,     58.72,     58.72
      3.40,     57.53,     57.53
      3.42,     56.32,     56.32
      3.44,     55.08,     55.08
      3.46,     53.83,     53.83
      3.48,     52.55,     52.55
      3.50,     51.25,     51.25
      3.52,     49.92,     49.92
      3.54,     48.58,     48.58
      3.56,     47.22,     47.22
      3.58,     45.83,     45.83
      3.60,     44.42,     44.42
      3.62,     43.00,     43.00
      3.64,     41.55,     41.55
      3.66,     40.08,     40.08
      3.68,     38.58,     38.58
      3.70,     37.07,     37.07
      3.72,     35.54,     35.54
      3.74,     33.99,     33.99
      3.76,     32.42,     32.42
      3.78,     30.82,     30.82
      3.80,     29.21,     29.21
      3.82,     27.58,     27.58
      3.84,     25.93,     25.93
      3.86,     24.27,     24.27
      3.88,     22.58,     22.58
      3.90,     20.88,     20.88
      3.92,     19.16,     19.16
      3.94,     17.42,     17.42
      3.96,     15.66,     15.66
      3.98,     13.89,     13.89
      4.00,     12.11,     12.11
      4.02,     10.31,     10.31
      4.04,      8.49,      8.49
      4.06,      6.66,      6.66
      4.08,      4.82,      4.82
      4.10,      2.96,      2.96
      4.12,      1.10,      1.10
      4.14,     -0.78,     -0.78
      4.16,     -2.67,     -2.67
      4.18,     -4.57,     -4.57
      4.20,     -6.48,     -6.48
      4.22,     -8.40,     -8.40
      4.24,    -10.33,    -10.33
      4.26,    -12.27,    -12.27
      4.28,    -14.21,    -14.21
      4.30,    -16.15,    -16.15
      4.32,    -18.10,    -18.10
      4.34,    -20.06,    -20.06
      4.36,    -22.02,    -22.02
      4.38,    -23.98,    -23.98
      4.40,    -25.94,    -25.94
      4.42,    -27.90,    -27.90
      4.44,    -29.86,    -29.86
      4.46,    -31.82,    -31.82
      4.48,    -33.77,    -33.77
      4.50,    -35.73,    -35.73
      4.52,    -37.67,    -37.67
      4.54,    -39.61,    -39.61
      4.56,    -41.55,    -41.55
      4.58,    -43.47,    -43.47
      4.60,    -45.38,    -45.38
      4.62,    -47.29,    -47.29
      4.64,    -49.18,    -49.18
      4.66,    -51.06,    -51.06
      4.68,    -52.92,    -52.92
      4.70,    -54.77,    -54.77
      4.72,    -56.60,    -56.60
      4.74,    -58.41,    -58.41
      4.76,    -60.21,    -60.21
      4.78,    -61.98,    -61.98
      4.80,    -63.73,    -63.73
      4.82,    -65.45,    -65.45
      4.84,    -67.15,    -67.15
      4.86,    -68.83,    -68.83
      4.88,    -70.47,    -70.47
      4.90,    -72.09,    -72.09
      4.92,    -73.68,    -73.68
      4.94,    -75.23,    -75.23
      4.96,    -76.75,    -76.75
      4.98,    -78.24,    -78.24
      5.00,    -79.69,    -79.69
      5.02,    -81.10,    -81.10
      5.04,    -82.47,    -82.47
      5.06,    -83.80,    -83.80
      5.08,    -85.09,    -85.09
      5.10,    -86.33,    -86.33
      5.12,    -87.53,    -87.53
      5.14,    -88.69,    -88.69
      5.16,    -89.79,    -89.79
      5.18,    -90.85,    -90.85
      5.20,    -91.85,    -91.85
      5.22,    -92.81,    -92.81
      5.24,    -93.71,    -93.71
      5.26,    -94.55,    -94.55
      5.28,    -95.34,    -95.34
      5.30,    -96.08,    -96.08
      5.32,    -96.75,    -96.75
      5.34,    -97.36,    -97.36
      5.36,    -97.92,    -97.92
      5.38,    -98.41,    -98.41
      5.40,    -98.83,    -98.83
      5.42,    -99.20,    -99.20
      5.44,    -99.49,    -99.49
      5.46,    -99.72,    -99.72
      5.48,    -99.88,    -99.88
      5.50,    -99.98,    -99.98
      5.52,   -100.00,   -100.00
      5.54,    -99.95,    -99.95
      5.56,    -99.83,    -99.83
      5.58,    -99.64,    -99.64
      5.60,    -99.38,    -99.38
      5.62,    -99.04,    -99.04
      5.64,    -98.62,    -98.62
      5.66,    -98.13,    -98.13
      5.68,    -97.57,    -97.57
      5.70,    -96.93,    -96.93
      5.72,    -96.21,    -96.21
      5.74,    -95.42,    -95.42
      5.76,    -94.55,    -94.55
      5.78,    -93.60,    -93.60
      5.80,    -92.58,    -92.58
      5.82,    -91.47,    -91.47
      5.84,    -90.29,    -90.29
      5.86,    -89.03,    -89.03
      5.88,    -87.70,    -87.70
      5.90,    -86.28,    -86.28
      5.92,    -84.79,    -84.79
      5.94,    -83.23,    -83.23
      5.96,    -81.59,    -81.59
      5.98,    -79.87,    -79.87
      6.01,    -78.08,    -78.08
      6.03,    -76.21,    -76.21
      6.05,    -74.27,    -74.27
      6.07,    -72.26,    -72.26
      6.09,    -70.18,    -70.18
      6.11,    -68.03,    -68.03
      6.13,    -65.81,    -65.81
      6.15,    -63.52,    -63.52
      6.17,    -61.16,    -61.16
      6.19,    -58.74,    -58.74
      6.21,    -56.26,    -56.26
      6.23,    -53.72,    -53.72
      6.25,    -51.12,    -51.12
      6.27,    -48.46,    -48.46
      6.29,    -45.74,    -45.74
      6.31,    -42.97,    -42.97
      6.33,    -40.15,    -40.15
      6.35,    -37.28,    -37.28
      6.37,    -34.37,    -34.37
      6.39,    -31.41,    -31.41
      6.41,    -28.40,    -28.40
      6.43,    -25.36,    -25.36
      6.45,    -22.29,    -22.29
      6.47,    -19.18,    -19.18
      6.49,    -16.03,    -16.03
      6.51,    -12.87,    -12.87
      6.53,     -9.67,     -9.67
      6.55,     -6.46,     -6.46
      6.57,     -3.23,     -3.23
      6.59,      0.02,      0.02
      6.61,      3.28,      3.28
      6.63,      6.54,      6.54
      6.65,      9.81,      9.81
      6.67,     13.08,     13.08
      6.69,     16.35,     16.35
      6.71,     19.61,     19.61
      6.73,     22.86,     22.86
      6.75,     26.09,     26.09
      6.77,     29.31,     29.31
      6.79,     32.50,     32.50
      6.81,     35.67,     35.67
      6.83,     38.81,     38.81
      6.85,     41.91,     41.91
      6.87,     44.98,     44.98
      6.89,     48.00,     48.00
      6.91,     50.98,     50.98
      6.93,     53.90,     53.90
      6.95,     56.77,     56.77
      6.97,     59.59,     59.59
      6.99,     62.34,     62.34
      7.01,     65.02,     65.02
      7.03,     67.64,     67.64
      7.05,     70.18,     70.18
      7.07,     72.64,     72.64
      7.09,     75.02,     75.02
      7.11,     77.31,     77.31
      7.13,     79.51,     79.51
      7.15,     81.62,     81.62
      7.17,     83.63,     83.63
      7.19,     85.54,     85.54
      7.21,     87.35,     87.35
      7.23,     89.04,     89.04
      7.25,     90.63,     90.63
      7.27,     92.10,     92.10
      7.29,     93.46,     93.46
      7.31,     94.70,     94.70
      7.33,     95.81,     95.81
      7.35,     96.80,     96.80
      7.37,     97.66,     97.66
      7.39,     98.38,     98.38
      7.41,     98.98,     98.98
      7.43,     99.44,     99.44
      7.45,     99.77,     99.77
      7.47,     99.95,     99.95
      7.49,    100.00,    100.00
      7.51,     99.90,     99.90
      7.53,     99.67,     99.67
      7.55,     99.29,     99.29
      7.57,     98.76,     98.76
      7.59,     98.09,     98.09
      7.61,     97.28,     97.28
      7.63,     96.32,     96.32
      7.65,     95.22,     95.22
      7.67,     93.97,     93.97
      7.69,     92.58,     92.58
      7.71,     91.04,     91.04
      7.73,     89.37,     89.37
      7.75,     87.55,     87.55
      7.77,     85.60,     85.60
      7.79,     83.51,     83.51
      7.81,     81.28,     81.28
      7.83,     78.92,     78.92
      7.85,     76.43,     76.43
      7.87,     73.82,     73.82
      7.89,     71.08,     71.08
      7.91,     68.22,     68.22
      7.93,     65.24,     65.24
      7.95,     62.15,     62.15
      7.97,     58.95,     58.95
      7.99,     55.65,     55.65
      8.01,     52.25,     52.25
      8.03,     48.75,     48.75
      8.05,     45.16,     45.16
      8.07,     41.49,     41.49
      8.09,     37.74,     37.74
      8.11,     33.91,     33.91
      8.13,     30.02,     30.02
      8.15,     26.06,     26.06
      8.17,     22.05,     22.05
      8.19,     17.99,     17.99
      8.21,     13.89,     13.89
      8.23,      9.75,      9.75
      8.25,      5.59,      5.59
      8.27,      1.40,      1.40
      8.29,     -2.80,     -2.80
      8.31,     -7.00,     -7.00
      8.33,    -11.20,    -11.20
      8.35,    -15.40,    -15.40
      8.37,    -19.58,    -19.58
      8.39,    -23.73,    -23.73
      8.41,    -27.85,    -27.85
      8.43,    -31.94,    -31.94
      8.45,    -35.97,    -35.97
      8.47,    -39.95,    -39.95
      8.49,    -43.86,    -43.86
      8.51,    -47.70,    -47.70
      8.53,    -51.47,    -51.47
      8.55,    -55.14,    -55.14
      8.57,    -58.72,    -58.72
      8.59,    -62.20,    -62.20
      8.61,    -65.57,    -65.57
      8.63,    -68.82,    -68.82
      8.65,    -71.94,    -71.94
      8.67,    -74.94,    -74.94
      8.69,    -77.79,    -77.79
      8.71,    -80.50,    -80.50
      8.73,    -83.06,    -83.06
      8.75,    -85.46,    -85.46
      8.77,    -87.69,    -87.69
      8.79,    -89.76,    -89.76
      8.81,    -91.65,    -91.65
      8.83,    -93.35,    -93.35
      8.85,    -94.88,    -94.88
      8.87,    -96.21,    -96.21
      8.89,    -97.35,    -97.35
      8.91,    -98.29,    -98.29
      8.93,    -99.02,    -99.02
      8.95,    -99.56,    -99.56
      8.97,    -99.88,    -99.88
      8.99,   -100.00,   -100.00
      9.01,    -99.91,    -99.91
      9.03,    -99.60,    -99.60
      9.05,    -99.08,    -99.08
      9.07,    -98.34,    -98.34
      9.09,    -97.39,    -97.39
      9.11,    -96.23,    -96.23
      9.13,    -94.86,    -94.86
      9.15,    -93.27,    -93.27
      9.17,    -91.48,    -91.48
      9.19,    -89.48,    -89.48
      9.21,    -87.27,    -87.27
      9.23,    -84.87,    -84.87
      9.25,    -82.27,    -82.27
      9.27,    -79.48,    -79.48
      9.29,    -76.50,    -76.50
      9.31,    -73.34,    -73.34
      9.33,    -70.01,    -70.01
      9.35,    -66.51,    -66.51
      9.37,    -62.85,    -62.85
      9.39,    -59.03,    -59.03
      9.41,    -55.07,    -55.07
      9.43,    -50.96,    -50.96
      9.45,    -46.73,    -46.73
      9.47,    -42.38,    -42.38
      9.49,    -37.92,    -37.92
      9.51,    -33.36,    -33.36
      9.53,    -28.71,    -28.71
      9.55,    -23.98,    -23.98
      9.57,    -19.18,    -19.18
      9.59,    -14.32,    -14.32
      9.61,     -9.42,     -9.42
      9.63,     -4.48,     -4.48
      9.65,      0.48,      0.48
      9.67,      5.45,      5.45
      9.69,     10.42,     10.42
      9.71,     15.37,     15.37
      9.73,     20.30,     20.30
      9.75,     25.18,     25.18
      9.77,     30.02,     30.02
      9.79,     34.78,     34.78
      9.81,     39.47,     39.47
      9.83,     44.07,     44.07
      9.85,     48.57,     48.57
      9.87,     52.95,     52.95
      9.89,     57.20,     57.20
      9.91,     61.31,     61.31
      9.93,     65.27,     65.27
      9.95,     69.07,     69.07
      9.97,     72.70,     72.70
      9.99,     76.14,     76.14
     10.01,     79.38,     79.38
     10.03,     82.42,     82.42
     10.05,     85.24,     85.24
     10.07,     87.84,     87.84
     10.09,     90.21,     90.21
     10.11,     92.34,     92.34
     10.13,     94.22,     94.22
     10.15,     95.85,     95.85
     10.17,     97.21,     97.21
     10.19,     98.31,     98.31
     10.21,     99.14,     99.14
     10.23,     99.69,     99.69
     10.25,     99.97,     99.97
     10.27,     99.96,     99.96
     10.29,     99.67,     99.67
     10.31,     99.10,     99.10
     10.33,     98.25,     98.25
     10.35,     97.11,     97.11
     10.37,     95.69,     95.69
     10.39,     93.99,     93.99
     10.41,     92.01,     92.01
     10.43,     89.77,     89.77
     10.45,     87.25,     87.25
     10.47,     84.48,     84.48
     10.49,     81.45,     81.45
     10.51,     78.17,     78.17
     10.53,     74.65,     74.65
     10.55,     70.91,     70.91
     10.57,     66.94,     66.94
     10.59,     62.76,     62.76
     10.61,     58.39,     58.39
     10.63,     53.83,     53.83
     10.65,     49.10,     49.10
     10.67,     44.20,     44.20
     10.69,     39.17,     39.17
     10.71,     34.00,     34.00
     10.73,     28.71,     28.71
     10.75,     23.33,     23.33
     10.77,     17.86,     17.86
     10.79,     12.32,     12.32
     10.81,      6.74,      6.74
     10.83,      1.12,      1.12
     10.85,     -4.51,     -4.51
     10.87,    -10.14,    -10.14
     10.89,    -15.75,    -15.75
     10.91,    -21.32,    -21.32
     10.93,    -26.83,    -26.83
     10.95,    -32.26,    -32.26
     10.97,    -37.60,    -37.60
     10.99,    -42.83,    -42.83
     11.01,    -47.93,    -47.93
     11.03,    -52.88,    -52.88
     11.05,    -57.67,    -57.67
     11.07,    -62.27,    -62.27
     11.09,    -66.68,    -66.68
     11.11,    -70.87,    -70.87
     11.13,    -74.84,    -74.84
     11.15,    -78.56,    -78.56
     11.17,    -82.02,    -82.02
     11.19,    -85.21,    -85.21
     11.21,    -88.12,    -88.12
     11.23,    -90.73,    -90.73
     11.25,    -93.04,    -93.04
     11.27,    -95.03,    -95.03
     11.29,    -96.69,    -96.69
     11.31,    -98.03,    -98.03
     11.33,    -99.02,    -99.02
     11.35,    -99.67,    -99.67
     11.37,    -99.98,    -99.98
     11.39,    -99.93,    -99.93
     11.41,    -99.53,    -99.53
     11.43,    -98.77,    -98.77
     11.45,    -97.66,    -97.66
     11.47,    -96.20,    -96.20
     11.49,    -94.40,    -94.40
     11.51,    -92.25,    -92.25
     11.53,    -89.76,    -89.76
     11.55,    -86.94,    -86.94
     11.57,    -83.80,    -83.80
     11.59,    -80.35,    -80.35
     11.61,    -76.60,    -76.60
     11.63,    -72.56,    -72.56
     11.65,    -68.24,    -68.24
     11.67,    -63.66,    -63.66
     11.69,    -58.84,    -58.84
     11.71,    -53.79,    -53.79
     11.73,    -48.53,    -48.53
     11.75,    -43.07,    -43.07
     11.77,    -37.44,    -37.44
     11.79,    -31.66,    -31.66
     11.81,    -25.75,    -25.75
     11.83,    -19.73,    -19.73
     11.85,    -13.63,    -13.63
     11.87,     -7.46,     -7.46
     11.89,     -1.25,     -1.25
     11.91,      4.98,      4.98
     11.93,     11.20,     11.20
     11.95,     17.38,     17.38
     11.97,     23.51,     23.51
     11.99,     29.56,     29.56
     12.01,     35.50,     35.50
     12.03,     41.31,     41.31
     12.05,     46.96,     46.96
     12.07,     52.44,     52.44
     12.09,     57.72,     57.72
     12.11,     62.78,     62.78
     12.13,     67.59,     67.59
     12.15,     72.14,     72.14
     12.17,     76.41,     76.41
     12.19,     80.37,     80.37
     12.21,     84.01,     84.01
     12.23,     87.31,     87.31
     12.25,     90.26,     90.26
     12.27,     92.84,     92.84
     12.29,     95.04,     95.04
     12.31,     96.84,     96.84
     12.33,     98.25,     98.25
     12.35,     99.25,     99.25
     12.37,     99.83,     99.83
     12.39,    100.00,    100.00
     12.41,     99.74,     99.74
     12.43,     99.06,     99.06
     12.45,     97.95,     97.95
     12.47,     96.42,     96.42
     12.49,     94.48,     94.48
     12.51,     92.13,     92.13
     12.53,     89.37,     89.37
     12.55,     86.23,     86.23
     12.57,     82.70,     82.70
     12.59,     78.81,     78.81
     12.61,     74.56,     74.56
     12.63,     69.98,     69.98
     12.65,     65.09,     65.09
     12.67,     59.90,     59.90
     12.69,     54.43,     54.43
     12.71,     48.71,     48.71
     12.73,     42.77,     42.77
     12.75,     36.62,     36.62
     12.77,     30.30,     30.30
     12.79,     23.83,     23.83
     12.81,     17.25,     17.25
     12.83,     10.57,     10.57
     12.85,      3.83,      3.83
     12.87,     -2.93,     -2.93
     12.89,     -9.69,     -9.69
     12.91,    -16.42,    -16.42
     12.93,    -23.08,    -23.08
     12.95,    -29.65,    -29.65
     12.97,    -36.09,    -36.09
     12.99,    -42.38,    -42.38
     13.01,    -48.47,    -48.47
     13.03,    -54.35,    -54.35
     13.05,    -59.98,    -59.98
     13.07,    -65.34,    -65.34
     13.09,    -70.39,    -70.39
     13.11,    -75.12,    -75.12
     13.13,    -79.50,    -79.50
     13.15,    -83.51,    -83.51
     13.17,    -87.12,    -87.12
     13.19,    -90.31,    -90.31
     13.21,    -93.08,    -93.08
     13.23,    -95.40,    -95.40
     13.25,    -97.26,    -97.26
     13.27,    -98.64,    -98.64
     13.29,    -99.55,    -99.55
     13.31,    -99.97,    -99.97
     13.33,    -99.90,    -99.90
     13.35,    -99.33,    -99.33
     13.37,    -98.27,    -98.27
     13.39,    -96.72,    -96.72
     13.41,    -94.68,    -94.68
     13.43,    -92.17,    -92.17
     13.45,    -89.19,    -89.19
     13.47,    -85.76,    -85.76
     13.49,    -81.88,    -81.88
     13.51,    -77.59,    -77.59
     13.53,    -72.89,    -72.89
     13.55,    -67.82,    -67.82
     13.57,    -62.39,    -62.39
     13.59,    -56.63,    -56.63
     13.61,    -50.57,    -50.57
     13.63,    -44.24,    -44.24
     13.65,    -37.68,    -37.68
     13.67,    -30.90,    -30.90
     13.69,    -23.95,    -23.95
     13.71,    -16.87,    -16.87
     13.73,     -9.69,     -9.69
     13.75,     -2.45,     -2.45
     13.77,      4.82,      4.82
     13.79,     12.07,     12.07
     13.81,     19.27,     19.27
     13.83,     26.38,     26.38
     13.85,     33.36,     33.36
     13.87,     40.17,     40.17
     13.89,     46.78,     46.78
     13.91,     53.14,     53.14
     13.93,     59.23,     59.23
     13.95,     65.00,     65.00
     13.97,     70.43,     70.43
     13.99,     75.48,     75.48
     14.01,     80.12,     80.12
     14.03,     84.34,     84.34
     14.05,     88.09,     88.09
     14.07,     91.36,     91.36
     14.09,     94.14,     94.14
     14.11,     96.39,     96.39
     14.13,     98.11,     98.11
     14.15,     99.28,     99.28
     14.17,     99.90,     99.90
     14.19,     99.96,     99.96
     14.21,     99.45,     99.45
     14.23,     98.38,     98.38
     14.25,     96.75,     96.75
     14.27,     94.56,     94.56
     14.29,     91.83,     91.83
     14.31,     88.58,     88.58
     14.33,     84.80,     84.80
     14.35,     80.54,     80.54
     14.37,     75.80,     75.80
     14.39,     70.62,     70.62
     14.41,     65.02,     65.02
     14.43,     59.03,     59.03
     14.45,     52.69,     52.69
     14.47,     46.03,     46.03
     14.49,     39.09,     39.09
     14.51,     31.90,     31.90
     14.53,     24.52,     24.52
     14.55,     16.99,     16.99
     14.57,      9.34,      9.34
     14.59,      1.62,      1.62
     14.61,     -6.12,     -6.12
     14.63,    -13.83,    -13.83
     14.65,    -21.47,    -21.47
     14.67,    -28.99,    -28.99
     14.69,    -36.34,    -36.34
     14.71,    -43.49,    -43.49
     14.73,    -50.38,    -50.38
     14.75,    -56.97,    -56.97
     14.77,    -63.23,    -63.23
     14.79,    -69.10,    -69.10
     14.81,    -74.56,    -74.56
     14.83,    -79.56,    -79.56
     14.85,    -84.08,    -84.08
     14.87,    -88.09,    -88.09
     14.89,    -91.55,    -91.55
     14.91,    -94.44,    -94.44
     14.93,    -96.74,    -96.74
     14.95,    -98.45,    -98.45
     14.97,    -99.53,    -99.53
     14.99,    -99.98,    -99.98
     15.01,    -99.81,    -99.81
     15.03,    -99.00,    -99.00
     15.05,    -97.55,    -97.55
     15.07,    -95.48,    -95.48
     15.09,    -92.80,    -92.80
     15.11,    -89.52,    -89.52
     15.13,    -85.65,    -85.65
     15.15,    -81.23,    -81.23
     15.17,    -76.27,    -76.27
     15.19,    -70.82,    -70.82
     15.21,    -64.89,    -64.89
     15.23,    -58.53,    -58.53
     15.25,    -51.78,    -51.78
     15.27,    -44.68,    -44.68
     15.29,    -37.27,    -37.27
     15.31,    -29.61,    -29.61
     15.33,    -21.74,    -21.74
     15.35,    -13.72,    -13.72
     15.37,     -5.59,     -5.59
     15.39,      2.58,      2.58
     15.41,     10.75,     10.75
     15.43,     18.86,     18.86
     15.45,     26.85,     26.85
     15.47,     34.67,     34.67
     15.49,     42.27,     42.27
     15.51,     49.59,     49.59
     15.53,     56.58,     56.58
     15.55,     63.20,     63.20
     15.57,     69.39,     69.39
     15.59,     75.11,     75.11
     15.61,     80.33,     80.33
     15.63,     85.00,     85.00
     15.65,     89.08,     89.08
     15.67,     92.55,     92.55
     15.69,     95.39,     95.39
     15.71,     97.56,     97.56
     15.73,     99.05,     99.05
     15.75,     99.86,     99.86
     15.77,     99.95,     99.95
     15.79,     99.35,     99.35
     15.81,     98.04,     98.04
     15.83,     96.04,     96.04
     15.85,     93.35,     93.35
     15.87,     89.99,     89.99
     15.89,     85.98,     85.98
     15.91,     81.36,     81.36
     15.93,     76.14,     76.14
     15.95,     70.36,     70.36
     15.97,     64.08,     64.08
     15.99,     57.32,     57.32
     16.02,     50.13,     50.13
     16.04,     42.57,     42.57
     16.06,     34.69,     34.69
     16.08,     26.55,     26.55
     16.10,     18.20,     18.20
     16.12,      9.70,      9.70
     16.14,      1.12,      1.12
     16.16,     -7.47,     -7.47
     16.18,    -16.02,    -16.02
     16.20,    -24.47,    -24.47
     16.22,    -32.74,    -32.74
     16.24,    -40.78,    -40.78
     16.26,    -48.52,    -48.52
     16.28,    -55.91,    -55.91
     16.30,    -62.89,    -62.89
     16.32,    -69.41,    -69.41
     16.34,    -75.40,    -75.40
     16.36,    -80.83,    -80.83
     16.38,    -85.66,    -85.66
     16.40,    -89.83,    -89.83
     16.42,    -93.33,    -93.33
     16.44,    -96.11,    -96.11
     16.46,    -98.16,    -98.16
     16.48,    -99.46,    -99.46
     16.50,    -99.99,    -99.99
     16.52,    -99.74,    -99.74
     16.54,    -98.72,    -98.72
     16.56,    -96.94,    -96.94
     16.58,    -94.39,    -94.39
     16.60,    -91.10,    -91.10
     16.62,    -87.09,    -87.09
     16.64,    -82.39,    -82.39
     16.66,    -77.04,    -77.04
     16.68,    -71.07,    -71.07
     16.70,    -64.54,    -64.54
     16.72,    -57.48,    -57.48
     16.74,    -49.95,    -49.95
     16.76,    -42.02,    -42.02
     16.78,    -33.74,    -33.74
     16.80,    -25.18,    -25.18
     16.82,    -16.40,    -16.40
     16.84,     -7.49,     -7.49
     16.86,      1.50,      1.50
     16.88,     10.49,     10.49
     16.90,     19.40,     19.40
     16.92,     28.17,     28.17
     16.94,     36.72,     36.72
     16.96,     44.97,     44.97
     16.98,     52.87,     52.87
     17.00,     60.35,     60.35
     17.02,     67.33,     67.33
     17.04,     73.77,     73.77
     17.06,     79.61,     79.61
     17.08,     84.79,     84.79
     17.10,     89.27,     89.27
     17.12,     93.01,     93.01
     17.14,     95.98,     95.98
     17.16,     98.14,     98.14
     17.18,     99.49,     99.49
     17.20,    100.00,    100.00
     17.22,     99.66,     99.66
     17.24,     98.48,     98.48
     17.26,     96.46,     96.46
     17.28,     93.62,     93.62
     17.30,     89.97,     89.97
     17.32,     85.56,     85.56
     17.34,     80.40,     80.40
     17.36,     74.55,     74.55
     17.38,     68.04,     68.04
     17.40,     60.95,     60.95
     17.42,     53.31,     53.31
     17.44,     45.21,     45.21
     17.46,     36.70,     36.70
     17.48,     27.86,     27.86
     17.50,     18.77,     18.77
     17.52,      9.50,      9.50
     17.54,      0.14,      0.14
     17.56,     -9.24,     -9.24
     17.58,    -18.54,    -18.54
     17.60,    -27.70,    -27.70
     17.62,    -36.61,    -36.61
     17.64,    -45.21,    -45.21
     17.66,    -53.42,    -53.42
     17.68,    -61.17,    -61.17
     17.70,    -68.37,    -68.37
     17.72,    -74.97,    -74.97
     17.74,    -80.90,    -80.90
     17.76,    -86.11,    -86.11
     17.78,    -90.55,    -90.55
     17.80,    -94.18,    -94.18
     17.82,    -96.95,    -96.95
     17.84,    -98.84,    -98.84
     17.86,    -99.84,    -99.84
     17.88,    -99.92,    -99.92
     17.90,    -99.09,    -99.09
     17.92,    -97.35,    -97.35
     17.94,    -94.71,    -94.71
     17.96,    -91.19,    -91.19
     17.98,    -86.83,    -86.83
     18.00,    -81.65,    -81.65
     18.02,    -75.71,    -75.71
     18.04,    -69.06,    -69.06
     18.06,    -61.76,    -61.76
     18.08,    -53.87,    -53.87
     18.10,    -45.46,    -45.46
     18.12,    -36.62,    -36.62
     18.14,    -27.43,    -27.43
     18.16,    -17.96,    -17.96
     18.18,     -8.31,     -8.31
     18.20,      1.42,      1.42
     18.22,     11.16,     11.16
     18.24,     20.80,     20.80
     18.26,     30.25,     30.25
     18.28,     39.42,     39.42
     18.30,     48.23,     48.23
     18.32,     56.58,     56.58
     18.34,     64.39,     64.39
     18.36,     71.60,     71.60
     18.38,     78.11,     78.11
     18.40,     83.88,     83.88
     18.42,     88.84,     88.84
     18.44,     92.93,     92.93
     18.46,     96.12,     96.12
     18.48,     98.38,     98.38
     18.50,     99.67,     99.67
     18.52,     99.98,     99.98
     18.54,     99.31,     99.31
     18.56,     97.66,     97.66
     18.58,     95.03,     95.03
     18.60,     91.46,     91.46
     18.62,     86.97,     86.97
     18.64,     81.62,     81.62
     18.66,     75.44,     75.44
     18.68,     68.50,     68.50
     18.70,     60.86,     60.86
     18.72,     52.60,     52.60
     18.74,     43.80,     43.80
     18.76,     34.55,     34.55
     18.78,     24.94,     24.94
     18.80,     15.07,     15.07
     18.82,      5.03,      5.03
     18.84,     -5.07,     -5.07
     18.86,    -15.13,    -15.13
     18.88,    -25.05,    -25.05
     18.90,    -34.72,    -34.72
     18.92,    -44.04,    -44.04
     18.94,    -52.92,    -52.92
     18.96,    -61.26,    -61.26
     18.98,    -68.98,    -68.98
     19.00,    -75.99,    -75.99
     19.02,    -82.22,    -82.22
     19.04,    -87.59,    -87.59
     19.06,    -92.06,    -92.06
     19.08,    -95.57,    -95.57
     19.10,    -98.08,    -98.08
     19.12,    -99.56,    -99.56
     19.14,   -100.00,   -100.00
     19.16,    -99.37,    -99.37
     19.18,    -97.70,    -97.70
     19.20,    -94.99,    -94.99
     19.22,    -91.26,    -91.26
     19.24,    -86.56,    -86.56
     19.26,    -80.93,    -80.93
     19.28,    -74.42,    -74.42
     19.30,    -67.12,    -67.12
     19.32,    -59.08,    -59.08
     19.34,    -50.40,    -50.40
     19.36,    -41.16,    -41.16
     19.38,    -31.47,    -31.47
     19.40,    -21.43,    -21.43
     19.42,    -11.14,    -11.14
     19.44,     -0.72,     -0.72
     19.46,      9.72,      9.72
     19.48,     20.06,     20.06
     19.50,     30.19,     30.19
     19.52,     40.00,     40.00
     19.54,     49.39,     49.39
     19.56,     58.23,     58.23
     19.58,     66.45,     66.45
     19.60,     73.94,     73.94
     19.62,     80.61,     80.61
     19.64,     86.40,     86.40
     19.66,     91.22,     91.22
     19.68,     95.04,     95.04
     19.70,     97.79,     97.79
     19.72,     99.45,     99.45
     19.74,    100.00,    100.00
     19.76,     99.42,     99.42
     19.78,     97.72,     97.72
     19.80,     94.91,     94.91
     19.82,     91.02,     91.02
     19.84,     86.09,     86.09
     19.86,     80.18,     80.18
     19.88,     73.34,     73.34
     19.90,     65.67,     65.67
     19.92,     57.23,     57.23
     19.94,     48.12,     48.12
     19.96,     38.46,     38.46
     19.98,     28.34,     28.34
     20.00,     17.88,     17.88
     20.02,      7.20,      7.20
     20.04,     -3.57,     -3.57
     20.06,    -14.31,    -14.31
     20.08,    -24.89,    -24.89
     20.10,    -35.20,    -35.20
     20.12,    -45.10,    -45.10
     20.14,    -54.49,    -54.49
     20.16,    -63.24,    -63.24
     20.18,    -71.26,    -71.26
     20.20,    -78.45,    -78.45
     20.22,    -84.72,    -84.72
     20.24,    -89.99,    -89.99
     20.26,    -94.20,    -94.20
     20.28,    -97.30,    -97.30
     20.30,    -99.23,    -99.23
     20.32,    -99.99,    -99.99
     20.34,    -99.55,    -99.55
     20.36,    -97.92,    -97.92
     20.38,    -95.10,    -95.10
     20.40,    -91.14,    -91.14
     20.42,    -86.08,    -86.08
     20.44,    -79.97,    -79.97
     20.46,    -72.89,    -72.89
     20.48,    -64.92,    -64.92
     20.50,    -56.14,    -56.14
     20.52,    -46.68,    -46.68
     20.54,    -36.64,    -36.64
     20.56,    -26.13,    -26.13
     20.58,    -15.30,    -15.30
     20.60,     -4.27,     -4.27
     20.62,      6.83,      6.83
     20.64,     17.85,     17.85
     20.66,     28.67,     28.67
     20.68,     39.13,     39.13
     20.70,     49.13,     49.13
     20.72,     58.52,     58.52
     20.74,     67.20,     67.20
     20.76,     75.04,     75.04
     20.78,     81.95,     81.95
     20.80,     87.85,     87.85
     20.82,     92.64,     92.64
     20.84,     96.28,     96.28
     20.86,     98.70,     98.70
     20.88,     99.88,     99.88
     20.90,     99.80,     99.80
     20.92,     98.45,     98.45
     20.94,     95.85,     95.85
     20.96,     92.02,     92.02
     20.98,     87.02,     87.02
     21.00,     80.90,     80.90
